{"bookshop": {"precision": 0.7916666666666666, "recall": 0.95, "f1-score": 0.8636363636363635, "support": 20}, "breakwater": {"precision": 0.85, "recall": 0.85, "f1-score": 0.85, "support": 20}, "chiton": {"precision": 0.65, "recall": 0.65, "f1-score": 0.65, "support": 20}, "coil": {"precision": 0.7058823529411765, "recall": 0.6, "f1-score": 0.6486486486486486, "support": 20}, "confectionery": {"precision": 1.0, "recall": 0.95, "f1-score": 0.9743589743589743, "support": 20}, "gar": {"precision": 0.8, "recall": 0.8, "f1-score": 0.8000000000000002, "support": 20}, "gasmask": {"precision": 0.8636363636363636, "recall": 0.95, "f1-score": 0.9047619047619048, "support": 20}, "polecat": {"precision": 0.7142857142857143, "recall": 0.5, "f1-score": 0.588235294117647, "support": 20}, "seashore": {"precision": 0.8636363636363636, "recall": 0.95, "f1-score": 0.9047619047619048, "support": 20}, "streetcar": {"precision": 0.9090909090909091, "recall": 1.0, "f1-score": 0.9523809523809523, "support": 20}, "accuracy": 0.82, "macro avg": {"precision": 0.8148198370257193, "recall": 0.82, "f1-score": 0.8136784042666395, "support": 200}, "weighted avg": {"precision": 0.8148198370257194, "recall": 0.82, "f1-score": 0.8136784042666395, "support": 200}, "training_time (seconds)": 4066.0955574709988}