{"bookshop": {"precision": 0.7916666666666666, "recall": 0.95, "f1-score": 0.8636363636363635, "support": 20}, "breakwater": {"precision": 0.7894736842105263, "recall": 0.75, "f1-score": 0.7692307692307692, "support": 20}, "chiton": {"precision": 0.6363636363636364, "recall": 0.7, "f1-score": 0.6666666666666666, "support": 20}, "coil": {"precision": 0.8, "recall": 0.8, "f1-score": 0.8000000000000002, "support": 20}, "confectionery": {"precision": 0.9473684210526315, "recall": 0.9, "f1-score": 0.9230769230769231, "support": 20}, "gar": {"precision": 0.9375, "recall": 0.75, "f1-score": 0.8333333333333334, "support": 20}, "gasmask": {"precision": 0.9444444444444444, "recall": 0.85, "f1-score": 0.8947368421052632, "support": 20}, "polecat": {"precision": 0.8125, "recall": 0.65, "f1-score": 0.7222222222222223, "support": 20}, "seashore": {"precision": 0.9090909090909091, "recall": 1.0, "f1-score": 0.9523809523809523, "support": 20}, "streetcar": {"precision": 0.8333333333333334, "recall": 1.0, "f1-score": 0.9090909090909091, "support": 20}, "accuracy": 0.835, "macro avg": {"precision": 0.8401741095162147, "recall": 0.835, "f1-score": 0.8334374981743402, "support": 200}, "weighted avg": {"precision": 0.8401741095162147, "recall": 0.835, "f1-score": 0.8334374981743403, "support": 200}, "training_time (seconds)": 1414.0776016139998}